"STATION","NAME","DATE","TMAX","TMIN"
"USW00093134","LOS ANGELES DOWNTOWN USC, CA US","2000-01-01","58","45"
"USW00093134","LOS ANGELES DOWNTOWN USC, CA US","2000-01-02","61","44"
"USW00093134","LOS ANGELES DOWNTOWN USC, CA US","2000-01-03","67","42"
"USW00093134","LOS ANGELES DOWNTOWN USC, CA US","2000-01-04","69","44"
"USW00093134","LOS ANGELES DOWNTOWN USC, CA US","2000-01-05","71","42"
"USW00093134","LOS ANGELES DOWNTOWN USC, CA US","2000-01-06","69","41"
"USW00093134","LOS ANGELES DOWNTOWN USC, CA US","2000-01-07","65","45"
"USW00093134","LOS ANGELES DOWNTOWN USC, CA US","2000-01-08","65","39"
"USW00093134","LOS ANGELES DOWNTOWN USC, CA US","2000-01-09","65","42"
"USW00093134","LOS ANGELES DOWNTOWN USC, CA US","2000-01-10","65","48"
"USW00093134","LOS ANGELES DOWNTOWN USC, CA US","2000-01-11","63","49"
"USW00093134","LOS ANGELES DOWNTOWN USC, CA US","2000-01-12","65","52"
"USW00093134","LOS ANGELES DOWNTOWN USC, CA US","2000-01-13","78","47"
"USW00093134","LOS ANGELES DOWNTOWN USC, CA US","2000-01-14","80","52"
"USW00093134","LOS ANGELES DOWNTOWN USC, CA US","2000-01-15","74","57"
"USW00093134","LOS ANGELES DOWNTOWN USC, CA US","2000-01-16","64","58"
"USW00093134","LOS ANGELES DOWNTOWN USC, CA US","2000-01-17","66","58"
"USW00093134","LOS ANGELES DOWNTOWN USC, CA US","2000-01-18","77","59"
"USW00093134","LOS ANGELES DOWNTOWN USC, CA US","2000-01-19","74","55"
"USW00093134","LOS ANGELES DOWNTOWN USC, CA US","2000-01-20","71","57"
"USW00093134","LOS ANGELES DOWNTOWN USC, CA US","2000-01-21","65","54"
"USW00093134","LOS ANGELES DOWNTOWN USC, CA US","2000-01-22","63","53"
"USW00093134","LOS ANGELES DOWNTOWN USC, CA US","2000-01-23","66","51"
"USW00093134","LOS ANGELES DOWNTOWN USC, CA US","2000-01-24","73","56"
"USW00093134","LOS ANGELES DOWNTOWN USC, CA US","2000-01-25","63","56"
"USW00093134","LOS ANGELES DOWNTOWN USC, CA US","2000-01-26","68","50"
"USW00093134","LOS ANGELES DOWNTOWN USC, CA US","2000-01-27","68","47"
"USW00093134","LOS ANGELES DOWNTOWN USC, CA US","2000-01-28","71","45"
"USW00093134","LOS ANGELES DOWNTOWN USC, CA US","2000-01-29","66","44"
"USW00093134","LOS ANGELES DOWNTOWN USC, CA US","2000-01-30","59","52"
"USW00093134","LOS ANGELES DOWNTOWN USC, CA US","2000-01-31","64","52"
"USW00093134","LOS ANGELES DOWNTOWN USC, CA US","2000-02-01","77","49"
"USW00093134","LOS ANGELES DOWNTOWN USC, CA US","2000-02-02","80","54"
"USW00093134","LOS ANGELES DOWNTOWN USC, CA US","2000-02-03","75","51"
"USW00093134","LOS ANGELES DOWNTOWN USC, CA US","2000-02-04","65","53"
"USW00093134","LOS ANGELES DOWNTOWN USC, CA US","2000-02-05","67","53"
"USW00093134","LOS ANGELES DOWNTOWN USC, CA US","2000-02-06","75","49"
"USW00093134","LOS ANGELES DOWNTOWN USC, CA US","2000-02-07","78","51"
"USW00093134","LOS ANGELES DOWNTOWN USC, CA US","2000-02-08","71","55"
"USW00093134","LOS ANGELES DOWNTOWN USC, CA US","2000-02-09","65","52"
"USW00093134","LOS ANGELES DOWNTOWN USC, CA US","2000-02-10","60","51"
"USW00093134","LOS ANGELES DOWNTOWN USC, CA US","2000-02-11","62","48"
"USW00093134","LOS ANGELES DOWNTOWN USC, CA US","2000-02-12","62","53"
"USW00093134","LOS ANGELES DOWNTOWN USC, CA US","2000-02-13","58","53"
"USW00093134","LOS ANGELES DOWNTOWN USC, CA US","2000-02-14","66","55"
"USW00093134","LOS ANGELES DOWNTOWN USC, CA US","2000-02-15","65","54"
"USW00093134","LOS ANGELES DOWNTOWN USC, CA US","2000-02-16","56","47"
"USW00093134","LOS ANGELES DOWNTOWN USC, CA US","2000-02-17","62","44"
"USW00093134","LOS ANGELES DOWNTOWN USC, CA US","2000-02-18","72","47"
"USW00093134","LOS ANGELES DOWNTOWN USC, CA US","2000-02-19","77","51"
"USW00093134","LOS ANGELES DOWNTOWN USC, CA US","2000-02-20","62","50"
"USW00093134","LOS ANGELES DOWNTOWN USC, CA US","2000-02-21","55","47"
"USW00093134","LOS ANGELES DOWNTOWN USC, CA US","2000-02-22","59","50"
"USW00093134","LOS ANGELES DOWNTOWN USC, CA US","2000-02-23","56","47"
"USW00093134","LOS ANGELES DOWNTOWN USC, CA US","2000-02-24","60","41"
"USW00093134","LOS ANGELES DOWNTOWN USC, CA US","2000-02-25","61","48"
"USW00093134","LOS ANGELES DOWNTOWN USC, CA US","2000-02-26","67","47"
"USW00093134","LOS ANGELES DOWNTOWN USC, CA US","2000-02-27","56","49"
"USW00093134","LOS ANGELES DOWNTOWN USC, CA US","2000-02-28","64","44"
"USW00093134","LOS ANGELES DOWNTOWN USC, CA US","2000-02-29","63","48"
"USW00093134","LOS ANGELES DOWNTOWN USC, CA US","2000-03-01","65","48"
"USW00093134","LOS ANGELES DOWNTOWN USC, CA US","2000-03-02","70","46"
"USW00093134","LOS ANGELES DOWNTOWN USC, CA US","2000-03-03","62","50"
"USW00093134","LOS ANGELES DOWNTOWN USC, CA US","2000-03-04","57","49"
"USW00093134","LOS ANGELES DOWNTOWN USC, CA US","2000-03-05","56","45"
"USW00093134","LOS ANGELES DOWNTOWN USC, CA US","2000-03-06","58","44"
"USW00093134","LOS ANGELES DOWNTOWN USC, CA US","2000-03-07","58","43"
"USW00093134","LOS ANGELES DOWNTOWN USC, CA US","2000-03-08","60","49"
"USW00093134","LOS ANGELES DOWNTOWN USC, CA US","2000-03-09","62","46"
"USW00093134","LOS ANGELES DOWNTOWN USC, CA US","2000-03-10","72","46"
"USW00093134","LOS ANGELES DOWNTOWN USC, CA US","2000-03-11","80","52"
"USW00093134","LOS ANGELES DOWNTOWN USC, CA US","2000-03-12","75","50"
"USW00093134","LOS ANGELES DOWNTOWN USC, CA US","2000-03-13","68","55"
"USW00093134","LOS ANGELES DOWNTOWN USC, CA US","2000-03-14","74","49"
"USW00093134","LOS ANGELES DOWNTOWN USC, CA US","2000-03-15","72","52"
"USW00093134","LOS ANGELES DOWNTOWN USC, CA US","2000-03-16","68","56"
"USW00093134","LOS ANGELES DOWNTOWN USC, CA US","2000-03-17","72","57"
"USW00093134","LOS ANGELES DOWNTOWN USC, CA US","2000-03-18","80","53"
"USW00093134","LOS ANGELES DOWNTOWN USC, CA US","2000-03-19","75","54"
"USW00093134","LOS ANGELES DOWNTOWN USC, CA US","2000-03-20","71","55"
"USW00093134","LOS ANGELES DOWNTOWN USC, CA US","2000-03-21","73","54"
"USW00093134","LOS ANGELES DOWNTOWN USC, CA US","2000-03-22","74","50"
"USW00093134","LOS ANGELES DOWNTOWN USC, CA US","2000-03-23","70","50"
"USW00093134","LOS ANGELES DOWNTOWN USC, CA US","2000-03-24","67","52"
"USW00093134","LOS ANGELES DOWNTOWN USC, CA US","2000-03-25","66","51"
"USW00093134","LOS ANGELES DOWNTOWN USC, CA US","2000-03-26","69","50"
"USW00093134","LOS ANGELES DOWNTOWN USC, CA US","2000-03-27","67","55"
"USW00093134","LOS ANGELES DOWNTOWN USC, CA US","2000-03-28","65","54"
"USW00093134","LOS ANGELES DOWNTOWN USC, CA US","2000-03-29","65","53"
"USW00093134","LOS ANGELES DOWNTOWN USC, CA US","2000-03-30","67","52"
"USW00093134","LOS ANGELES DOWNTOWN USC, CA US","2000-03-31","83","49"
"USW00093134","LOS ANGELES DOWNTOWN USC, CA US","2000-04-01","85","60"
"USW00093134","LOS ANGELES DOWNTOWN USC, CA US","2000-04-02","79","55"
"USW00093134","LOS ANGELES DOWNTOWN USC, CA US","2000-04-03","76","57"
"USW00093134","LOS ANGELES DOWNTOWN USC, CA US","2000-04-04","75","56"
"USW00093134","LOS ANGELES DOWNTOWN USC, CA US","2000-04-05","74","54"
"USW00093134","LOS ANGELES DOWNTOWN USC, CA US","2000-04-06","68","57"
"USW00093134","LOS ANGELES DOWNTOWN USC, CA US","2000-04-07","69","55"
"USW00093134","LOS ANGELES DOWNTOWN USC, CA US","2000-04-08","73","53"
"USW00093134","LOS ANGELES DOWNTOWN USC, CA US","2000-04-09","70","52"
"USW00093134","LOS ANGELES DOWNTOWN USC, CA US","2000-04-10","70","56"
"USW00093134","LOS ANGELES DOWNTOWN USC, CA US","2000-04-11","78","55"
"USW00093134","LOS ANGELES DOWNTOWN USC, CA US","2000-04-12","82","53"
"USW00093134","LOS ANGELES DOWNTOWN USC, CA US","2000-04-13","73","54"
"USW00093134","LOS ANGELES DOWNTOWN USC, CA US","2000-04-14","66","54"
"USW00093134","LOS ANGELES DOWNTOWN USC, CA US","2000-04-15","66","55"
"USW00093134","LOS ANGELES DOWNTOWN USC, CA US","2000-04-16","68","55"
"USW00093134","LOS ANGELES DOWNTOWN USC, CA US","2000-04-17","60","52"
"USW00093134","LOS ANGELES DOWNTOWN USC, CA US","2000-04-18","65","50"
"USW00093134","LOS ANGELES DOWNTOWN USC, CA US","2000-04-19","69","50"
"USW00093134","LOS ANGELES DOWNTOWN USC, CA US","2000-04-20","78","52"
"USW00093134","LOS ANGELES DOWNTOWN USC, CA US","2000-04-21","68","55"
"USW00093134","LOS ANGELES DOWNTOWN USC, CA US","2000-04-22","67","55"
"USW00093134","LOS ANGELES DOWNTOWN USC, CA US","2000-04-23","69","54"
"USW00093134","LOS ANGELES DOWNTOWN USC, CA US","2000-04-24","76","52"
"USW00093134","LOS ANGELES DOWNTOWN USC, CA US","2000-04-25","79","57"
"USW00093134","LOS ANGELES DOWNTOWN USC, CA US","2000-04-26","89","59"
"USW00093134","LOS ANGELES DOWNTOWN USC, CA US","2000-04-27","77","60"
"USW00093134","LOS ANGELES DOWNTOWN USC, CA US","2000-04-28","68","58"
"USW00093134","LOS ANGELES DOWNTOWN USC, CA US","2000-04-29","75","54"
"USW00093134","LOS ANGELES DOWNTOWN USC, CA US","2000-04-30","83","57"
"USW00093134","LOS ANGELES DOWNTOWN USC, CA US","2000-05-01","85","60"
"USW00093134","LOS ANGELES DOWNTOWN USC, CA US","2000-05-02","78","60"
"USW00093134","LOS ANGELES DOWNTOWN USC, CA US","2000-05-03","77","59"
"USW00093134","LOS ANGELES DOWNTOWN USC, CA US","2000-05-04","74","62"
"USW00093134","LOS ANGELES DOWNTOWN USC, CA US","2000-05-05","70","61"
"USW00093134","LOS ANGELES DOWNTOWN USC, CA US","2000-05-06","72","58"
"USW00093134","LOS ANGELES DOWNTOWN USC, CA US","2000-05-07","72","57"
"USW00093134","LOS ANGELES DOWNTOWN USC, CA US","2000-05-08","75","60"
"USW00093134","LOS ANGELES DOWNTOWN USC, CA US","2000-05-09","73","60"
"USW00093134","LOS ANGELES DOWNTOWN USC, CA US","2000-05-10","70","58"
"USW00093134","LOS ANGELES DOWNTOWN USC, CA US","2000-05-11","77","54"
"USW00093134","LOS ANGELES DOWNTOWN USC, CA US","2000-05-12","84","55"
"USW00093134","LOS ANGELES DOWNTOWN USC, CA US","2000-05-13","81","55"
"USW00093134","LOS ANGELES DOWNTOWN USC, CA US","2000-05-14","72","54"
"USW00093134","LOS ANGELES DOWNTOWN USC, CA US","2000-05-15","73","55"
"USW00093134","LOS ANGELES DOWNTOWN USC, CA US","2000-05-16","68","54"
"USW00093134","LOS ANGELES DOWNTOWN USC, CA US","2000-05-17","71","56"
"USW00093134","LOS ANGELES DOWNTOWN USC, CA US","2000-05-18","77","57"
"USW00093134","LOS ANGELES DOWNTOWN USC, CA US","2000-05-19","83","60"
"USW00093134","LOS ANGELES DOWNTOWN USC, CA US","2000-05-20","86","60"
"USW00093134","LOS ANGELES DOWNTOWN USC, CA US","2000-05-21","82","61"
"USW00093134","LOS ANGELES DOWNTOWN USC, CA US","2000-05-22","76","62"
"USW00093134","LOS ANGELES DOWNTOWN USC, CA US","2000-05-23","71","61"
"USW00093134","LOS ANGELES DOWNTOWN USC, CA US","2000-05-24","70","62"
"USW00093134","LOS ANGELES DOWNTOWN USC, CA US","2000-05-25","70","59"
"USW00093134","LOS ANGELES DOWNTOWN USC, CA US","2000-05-26","74","59"
"USW00093134","LOS ANGELES DOWNTOWN USC, CA US","2000-05-27","88","62"
"USW00093134","LOS ANGELES DOWNTOWN USC, CA US","2000-05-28","84","64"
"USW00093134","LOS ANGELES DOWNTOWN USC, CA US","2000-05-29","78","64"
"USW00093134","LOS ANGELES DOWNTOWN USC, CA US","2000-05-30","75","63"
"USW00093134","LOS ANGELES DOWNTOWN USC, CA US","2000-05-31","76","62"
"USW00093134","LOS ANGELES DOWNTOWN USC, CA US","2000-06-01","78","62"
"USW00093134","LOS ANGELES DOWNTOWN USC, CA US","2000-06-02","77","62"
"USW00093134","LOS ANGELES DOWNTOWN USC, CA US","2000-06-03","82","60"
"USW00093134","LOS ANGELES DOWNTOWN USC, CA US","2000-06-04","81","60"
"USW00093134","LOS ANGELES DOWNTOWN USC, CA US","2000-06-05","83","60"
"USW00093134","LOS ANGELES DOWNTOWN USC, CA US","2000-06-06","81","59"
"USW00093134","LOS ANGELES DOWNTOWN USC, CA US","2000-06-07","79","61"
"USW00093134","LOS ANGELES DOWNTOWN USC, CA US","2000-06-08","71","58"
"USW00093134","LOS ANGELES DOWNTOWN USC, CA US","2000-06-09","74","58"
"USW00093134","LOS ANGELES DOWNTOWN USC, CA US","2000-06-10","76","58"
"USW00093134","LOS ANGELES DOWNTOWN USC, CA US","2000-06-11","78","59"
"USW00093134","LOS ANGELES DOWNTOWN USC, CA US","2000-06-12","81","60"
"USW00093134","LOS ANGELES DOWNTOWN USC, CA US","2000-06-13","85","64"
"USW00093134","LOS ANGELES DOWNTOWN USC, CA US","2000-06-14","80","64"
"USW00093134","LOS ANGELES DOWNTOWN USC, CA US","2000-06-15","81","63"
"USW00093134","LOS ANGELES DOWNTOWN USC, CA US","2000-06-16","77","64"
"USW00093134","LOS ANGELES DOWNTOWN USC, CA US","2000-06-17","77","65"
"USW00093134","LOS ANGELES DOWNTOWN USC, CA US","2000-06-18","76","64"
"USW00093134","LOS ANGELES DOWNTOWN USC, CA US","2000-06-19","78","64"
"USW00093134","LOS ANGELES DOWNTOWN USC, CA US","2000-06-20","78","63"
"USW00093134","LOS ANGELES DOWNTOWN USC, CA US","2000-06-21","76","62"
"USW00093134","LOS ANGELES DOWNTOWN USC, CA US","2000-06-22","79","64"
"USW00093134","LOS ANGELES DOWNTOWN USC, CA US","2000-06-23","80","66"
"USW00093134","LOS ANGELES DOWNTOWN USC, CA US","2000-06-24","81","65"
"USW00093134","LOS ANGELES DOWNTOWN USC, CA US","2000-06-25","95","64"
"USW00093134","LOS ANGELES DOWNTOWN USC, CA US","2000-06-26","86","66"
"USW00093134","LOS ANGELES DOWNTOWN USC, CA US","2000-06-27","84","65"
"USW00093134","LOS ANGELES DOWNTOWN USC, CA US","2000-06-28","84","64"
"USW00093134","LOS ANGELES DOWNTOWN USC, CA US","2000-06-29","81","64"
"USW00093134","LOS ANGELES DOWNTOWN USC, CA US","2000-06-30","80","64"
"USW00093134","LOS ANGELES DOWNTOWN USC, CA US","2000-07-01","80","64"
"USW00093134","LOS ANGELES DOWNTOWN USC, CA US","2000-07-02","80","64"
"USW00093134","LOS ANGELES DOWNTOWN USC, CA US","2000-07-03","78","63"
"USW00093134","LOS ANGELES DOWNTOWN USC, CA US","2000-07-04","77","62"
"USW00093134","LOS ANGELES DOWNTOWN USC, CA US","2000-07-05","75","60"
"USW00093134","LOS ANGELES DOWNTOWN USC, CA US","2000-07-06","79","62"
"USW00093134","LOS ANGELES DOWNTOWN USC, CA US","2000-07-07","78","61"
"USW00093134","LOS ANGELES DOWNTOWN USC, CA US","2000-07-08","78","62"
"USW00093134","LOS ANGELES DOWNTOWN USC, CA US","2000-07-09","76","60"
"USW00093134","LOS ANGELES DOWNTOWN USC, CA US","2000-07-10","77","62"
"USW00093134","LOS ANGELES DOWNTOWN USC, CA US","2000-07-11","77","62"
"USW00093134","LOS ANGELES DOWNTOWN USC, CA US","2000-07-12","77","61"
"USW00093134","LOS ANGELES DOWNTOWN USC, CA US","2000-07-13","80","61"
"USW00093134","LOS ANGELES DOWNTOWN USC, CA US","2000-07-14","82","61"
"USW00093134","LOS ANGELES DOWNTOWN USC, CA US","2000-07-15","79","61"
"USW00093134","LOS ANGELES DOWNTOWN USC, CA US","2000-07-16","78","61"
"USW00093134","LOS ANGELES DOWNTOWN USC, CA US","2000-07-17","81","60"
"USW00093134","LOS ANGELES DOWNTOWN USC, CA US","2000-07-18","87","62"
"USW00093134","LOS ANGELES DOWNTOWN USC, CA US","2000-07-19","89","64"
"USW00093134","LOS ANGELES DOWNTOWN USC, CA US","2000-07-20","88","64"
"USW00093134","LOS ANGELES DOWNTOWN USC, CA US","2000-07-21","84","63"
"USW00093134","LOS ANGELES DOWNTOWN USC, CA US","2000-07-22","84","63"
"USW00093134","LOS ANGELES DOWNTOWN USC, CA US","2000-07-23","90","66"
"USW00093134","LOS ANGELES DOWNTOWN USC, CA US","2000-07-24","84","65"
"USW00093134","LOS ANGELES DOWNTOWN USC, CA US","2000-07-25","82","64"
"USW00093134","LOS ANGELES DOWNTOWN USC, CA US","2000-07-26","84","64"
"USW00093134","LOS ANGELES DOWNTOWN USC, CA US","2000-07-27","82","66"
"USW00093134","LOS ANGELES DOWNTOWN USC, CA US","2000-07-28","84","64"
"USW00093134","LOS ANGELES DOWNTOWN USC, CA US","2000-07-29","81","64"
"USW00093134","LOS ANGELES DOWNTOWN USC, CA US","2000-07-30","86","64"
"USW00093134","LOS ANGELES DOWNTOWN USC, CA US","2000-07-31","95","67"
"USW00093134","LOS ANGELES DOWNTOWN USC, CA US","2000-08-01","92","68"
"USW00093134","LOS ANGELES DOWNTOWN USC, CA US","2000-08-02","87","66"
"USW00093134","LOS ANGELES DOWNTOWN USC, CA US","2000-08-03","84","65"
"USW00093134","LOS ANGELES DOWNTOWN USC, CA US","2000-08-04","83","65"
"USW00093134","LOS ANGELES DOWNTOWN USC, CA US","2000-08-05","85","66"
"USW00093134","LOS ANGELES DOWNTOWN USC, CA US","2000-08-06","84","65"
"USW00093134","LOS ANGELES DOWNTOWN USC, CA US","2000-08-07","81","64"
"USW00093134","LOS ANGELES DOWNTOWN USC, CA US","2000-08-08","82","64"
"USW00093134","LOS ANGELES DOWNTOWN USC, CA US","2000-08-09","84","62"
"USW00093134","LOS ANGELES DOWNTOWN USC, CA US","2000-08-10","90","65"
"USW00093134","LOS ANGELES DOWNTOWN USC, CA US","2000-08-11","92","65"
"USW00093134","LOS ANGELES DOWNTOWN USC, CA US","2000-08-12","90","65"
"USW00093134","LOS ANGELES DOWNTOWN USC, CA US","2000-08-13","91","65"
"USW00093134","LOS ANGELES DOWNTOWN USC, CA US","2000-08-14","89","67"
"USW00093134","LOS ANGELES DOWNTOWN USC, CA US","2000-08-15","88","68"
"USW00093134","LOS ANGELES DOWNTOWN USC, CA US","2000-08-16","93","69"
"USW00093134","LOS ANGELES DOWNTOWN USC, CA US","2000-08-17","92","69"
"USW00093134","LOS ANGELES DOWNTOWN USC, CA US","2000-08-18","90","68"
"USW00093134","LOS ANGELES DOWNTOWN USC, CA US","2000-08-19","87","65"
"USW00093134","LOS ANGELES DOWNTOWN USC, CA US","2000-08-20","84","63"
"USW00093134","LOS ANGELES DOWNTOWN USC, CA US","2000-08-21","82","64"
"USW00093134","LOS ANGELES DOWNTOWN USC, CA US","2000-08-22","80","64"
"USW00093134","LOS ANGELES DOWNTOWN USC, CA US","2000-08-23","81","64"
"USW00093134","LOS ANGELES DOWNTOWN USC, CA US","2000-08-24","82","65"
"USW00093134","LOS ANGELES DOWNTOWN USC, CA US","2000-08-25","82","64"
"USW00093134","LOS ANGELES DOWNTOWN USC, CA US","2000-08-26","81","63"
"USW00093134","LOS ANGELES DOWNTOWN USC, CA US","2000-08-27","79","63"
"USW00093134","LOS ANGELES DOWNTOWN USC, CA US","2000-08-28","78","65"
"USW00093134","LOS ANGELES DOWNTOWN USC, CA US","2000-08-29","68","64"
"USW00093134","LOS ANGELES DOWNTOWN USC, CA US","2000-08-30","76","65"
"USW00093134","LOS ANGELES DOWNTOWN USC, CA US","2000-08-31","76","64"
"USW00093134","LOS ANGELES DOWNTOWN USC, CA US","2000-09-01","76","62"
"USW00093134","LOS ANGELES DOWNTOWN USC, CA US","2000-09-02","76","60"
"USW00093134","LOS ANGELES DOWNTOWN USC, CA US","2000-09-03","80","63"
"USW00093134","LOS ANGELES DOWNTOWN USC, CA US","2000-09-04","81","60"
"USW00093134","LOS ANGELES DOWNTOWN USC, CA US","2000-09-05","83","60"
"USW00093134","LOS ANGELES DOWNTOWN USC, CA US","2000-09-06","92","59"
"USW00093134","LOS ANGELES DOWNTOWN USC, CA US","2000-09-07","84","62"
"USW00093134","LOS ANGELES DOWNTOWN USC, CA US","2000-09-08","77","60"
"USW00093134","LOS ANGELES DOWNTOWN USC, CA US","2000-09-09","82","59"
"USW00093134","LOS ANGELES DOWNTOWN USC, CA US","2000-09-10","82","57"
"USW00093134","LOS ANGELES DOWNTOWN USC, CA US","2000-09-11","95","58"
"USW00093134","LOS ANGELES DOWNTOWN USC, CA US","2000-09-12","99","65"
"USW00093134","LOS ANGELES DOWNTOWN USC, CA US","2000-09-13","91","66"
"USW00093134","LOS ANGELES DOWNTOWN USC, CA US","2000-09-14","86","65"
"USW00093134","LOS ANGELES DOWNTOWN USC, CA US","2000-09-15","87","64"
"USW00093134","LOS ANGELES DOWNTOWN USC, CA US","2000-09-16","94","64"
"USW00093134","LOS ANGELES DOWNTOWN USC, CA US","2000-09-17","93","68"
"USW00093134","LOS ANGELES DOWNTOWN USC, CA US","2000-09-18","93","66"
"USW00093134","LOS ANGELES DOWNTOWN USC, CA US","2000-09-19","79","63"
"USW00093134","LOS ANGELES DOWNTOWN USC, CA US","2000-09-20","81","65"
"USW00093134","LOS ANGELES DOWNTOWN USC, CA US","2000-09-21","72","65"
"USW00093134","LOS ANGELES DOWNTOWN USC, CA US","2000-09-22","73","63"
"USW00093134","LOS ANGELES DOWNTOWN USC, CA US","2000-09-23","72","63"
"USW00093134","LOS ANGELES DOWNTOWN USC, CA US","2000-09-24","81","59"
"USW00093134","LOS ANGELES DOWNTOWN USC, CA US","2000-09-25","88","61"
"USW00093134","LOS ANGELES DOWNTOWN USC, CA US","2000-09-26","83","64"
"USW00093134","LOS ANGELES DOWNTOWN USC, CA US","2000-09-27","76","66"
"USW00093134","LOS ANGELES DOWNTOWN USC, CA US","2000-09-28","75","63"
"USW00093134","LOS ANGELES DOWNTOWN USC, CA US","2000-09-29","77","63"
"USW00093134","LOS ANGELES DOWNTOWN USC, CA US","2000-09-30","77","62"
"USW00093134","LOS ANGELES DOWNTOWN USC, CA US","2000-10-01","75","61"
"USW00093134","LOS ANGELES DOWNTOWN USC, CA US","2000-10-02","78","62"
"USW00093134","LOS ANGELES DOWNTOWN USC, CA US","2000-10-03","74","63"
"USW00093134","LOS ANGELES DOWNTOWN USC, CA US","2000-10-04","71","63"
"USW00093134","LOS ANGELES DOWNTOWN USC, CA US","2000-10-05","75","65"
"USW00093134","LOS ANGELES DOWNTOWN USC, CA US","2000-10-06","67","63"
"USW00093134","LOS ANGELES DOWNTOWN USC, CA US","2000-10-07","73","61"
"USW00093134","LOS ANGELES DOWNTOWN USC, CA US","2000-10-08","73","59"
"USW00093134","LOS ANGELES DOWNTOWN USC, CA US","2000-10-09","72","60"
"USW00093134","LOS ANGELES DOWNTOWN USC, CA US","2000-10-10","69","56"
"USW00093134","LOS ANGELES DOWNTOWN USC, CA US","2000-10-11","68","54"
"USW00093134","LOS ANGELES DOWNTOWN USC, CA US","2000-10-12","69","53"
"USW00093134","LOS ANGELES DOWNTOWN USC, CA US","2000-10-13","75","53"
"USW00093134","LOS ANGELES DOWNTOWN USC, CA US","2000-10-14","80","55"
"USW00093134","LOS ANGELES DOWNTOWN USC, CA US","2000-10-15","75","54"
"USW00093134","LOS ANGELES DOWNTOWN USC, CA US","2000-10-16","79","55"
"USW00093134","LOS ANGELES DOWNTOWN USC, CA US","2000-10-17","87","57"
"USW00093134","LOS ANGELES DOWNTOWN USC, CA US","2000-10-18","73","59"
"USW00093134","LOS ANGELES DOWNTOWN USC, CA US","2000-10-19","73","59"
"USW00093134","LOS ANGELES DOWNTOWN USC, CA US","2000-10-20","69","58"
"USW00093134","LOS ANGELES DOWNTOWN USC, CA US","2000-10-21","71","60"
"USW00093134","LOS ANGELES DOWNTOWN USC, CA US","2000-10-22","75","56"
"USW00093134","LOS ANGELES DOWNTOWN USC, CA US","2000-10-23","78","56"
"USW00093134","LOS ANGELES DOWNTOWN USC, CA US","2000-10-24","75","60"
"USW00093134","LOS ANGELES DOWNTOWN USC, CA US","2000-10-25","74","57"
"USW00093134","LOS ANGELES DOWNTOWN USC, CA US","2000-10-26","68","57"
"USW00093134","LOS ANGELES DOWNTOWN USC, CA US","2000-10-27","67","55"
"USW00093134","LOS ANGELES DOWNTOWN USC, CA US","2000-10-28","68","59"
"USW00093134","LOS ANGELES DOWNTOWN USC, CA US","2000-10-29","64","55"
"USW00093134","LOS ANGELES DOWNTOWN USC, CA US","2000-10-30","67","51"
"USW00093134","LOS ANGELES DOWNTOWN USC, CA US","2000-10-31","69","49"
"USW00093134","LOS ANGELES DOWNTOWN USC, CA US","2000-11-01","71","49"
"USW00093134","LOS ANGELES DOWNTOWN USC, CA US","2000-11-02","75","52"
"USW00093134","LOS ANGELES DOWNTOWN USC, CA US","2000-11-03","78","51"
"USW00093134","LOS ANGELES DOWNTOWN USC, CA US","2000-11-04","77","51"
"USW00093134","LOS ANGELES DOWNTOWN USC, CA US","2000-11-05","67","54"
"USW00093134","LOS ANGELES DOWNTOWN USC, CA US","2000-11-06","71","55"
"USW00093134","LOS ANGELES DOWNTOWN USC, CA US","2000-11-07","72","50"
"USW00093134","LOS ANGELES DOWNTOWN USC, CA US","2000-11-08","71","47"
"USW00093134","LOS ANGELES DOWNTOWN USC, CA US","2000-11-09","64","54"
"USW00093134","LOS ANGELES DOWNTOWN USC, CA US","2000-11-10","61","47"
"USW00093134","LOS ANGELES DOWNTOWN USC, CA US","2000-11-11","61","43"
"USW00093134","LOS ANGELES DOWNTOWN USC, CA US","2000-11-12","65","42"
"USW00093134","LOS ANGELES DOWNTOWN USC, CA US","2000-11-13","68","45"
"USW00093134","LOS ANGELES DOWNTOWN USC, CA US","2000-11-14","62","42"
"USW00093134","LOS ANGELES DOWNTOWN USC, CA US","2000-11-15","63","42"
"USW00093134","LOS ANGELES DOWNTOWN USC, CA US","2000-11-16","63","41"
"USW00093134","LOS ANGELES DOWNTOWN USC, CA US","2000-11-17","69","45"
"USW00093134","LOS ANGELES DOWNTOWN USC, CA US","2000-11-18","70","41"
"USW00093134","LOS ANGELES DOWNTOWN USC, CA US","2000-11-19","79","49"
"USW00093134","LOS ANGELES DOWNTOWN USC, CA US","2000-11-20","80","54"
"USW00093134","LOS ANGELES DOWNTOWN USC, CA US","2000-11-21","75","54"
"USW00093134","LOS ANGELES DOWNTOWN USC, CA US","2000-11-22","64","51"
"USW00093134","LOS ANGELES DOWNTOWN USC, CA US","2000-11-23","67","46"
"USW00093134","LOS ANGELES DOWNTOWN USC, CA US","2000-11-24","69","47"
"USW00093134","LOS ANGELES DOWNTOWN USC, CA US","2000-11-25","75","47"
"USW00093134","LOS ANGELES DOWNTOWN USC, CA US","2000-11-26","75","47"
"USW00093134","LOS ANGELES DOWNTOWN USC, CA US","2000-11-27","72","48"
"USW00093134","LOS ANGELES DOWNTOWN USC, CA US","2000-11-28","76","49"
"USW00093134","LOS ANGELES DOWNTOWN USC, CA US","2000-11-29","65","51"
"USW00093134","LOS ANGELES DOWNTOWN USC, CA US","2000-11-30","68","48"
"USW00093134","LOS ANGELES DOWNTOWN USC, CA US","2000-12-01","63","49"
"USW00093134","LOS ANGELES DOWNTOWN USC, CA US","2000-12-02","69","51"
"USW00093134","LOS ANGELES DOWNTOWN USC, CA US","2000-12-03","71","45"
"USW00093134","LOS ANGELES DOWNTOWN USC, CA US","2000-12-04","75","48"
"USW00093134","LOS ANGELES DOWNTOWN USC, CA US","2000-12-05","80","56"
"USW00093134","LOS ANGELES DOWNTOWN USC, CA US","2000-12-06","74","55"
"USW00093134","LOS ANGELES DOWNTOWN USC, CA US","2000-12-07","74","56"
"USW00093134","LOS ANGELES DOWNTOWN USC, CA US","2000-12-08","64","57"
"USW00093134","LOS ANGELES DOWNTOWN USC, CA US","2000-12-09","65","56"
"USW00093134","LOS ANGELES DOWNTOWN USC, CA US","2000-12-10","64","51"
"USW00093134","LOS ANGELES DOWNTOWN USC, CA US","2000-12-11","62","46"
"USW00093134","LOS ANGELES DOWNTOWN USC, CA US","2000-12-12","64","51"
"USW00093134","LOS ANGELES DOWNTOWN USC, CA US","2000-12-13","62","45"
"USW00093134","LOS ANGELES DOWNTOWN USC, CA US","2000-12-14","62","50"
"USW00093134","LOS ANGELES DOWNTOWN USC, CA US","2000-12-15","64","47"
"USW00093134","LOS ANGELES DOWNTOWN USC, CA US","2000-12-16","78","47"
"USW00093134","LOS ANGELES DOWNTOWN USC, CA US","2000-12-17","77","49"
"USW00093134","LOS ANGELES DOWNTOWN USC, CA US","2000-12-18","76","48"
"USW00093134","LOS ANGELES DOWNTOWN USC, CA US","2000-12-19","77","50"
"USW00093134","LOS ANGELES DOWNTOWN USC, CA US","2000-12-20","72","45"
"USW00093134","LOS ANGELES DOWNTOWN USC, CA US","2000-12-21","69","44"
"USW00093134","LOS ANGELES DOWNTOWN USC, CA US","2000-12-22","64","43"
"USW00093134","LOS ANGELES DOWNTOWN USC, CA US","2000-12-23","64","42"
"USW00093134","LOS ANGELES DOWNTOWN USC, CA US","2000-12-24","64","44"
"USW00093134","LOS ANGELES DOWNTOWN USC, CA US","2000-12-25","73","42"
"USW00093134","LOS ANGELES DOWNTOWN USC, CA US","2000-12-26","71","43"
"USW00093134","LOS ANGELES DOWNTOWN USC, CA US","2000-12-27","74","42"
"USW00093134","LOS ANGELES DOWNTOWN USC, CA US","2000-12-28","76","45"
"USW00093134","LOS ANGELES DOWNTOWN USC, CA US","2000-12-29","77","44"
"USW00093134","LOS ANGELES DOWNTOWN USC, CA US","2000-12-30","72","44"
"USW00093134","LOS ANGELES DOWNTOWN USC, CA US","2000-12-31","72","43"
"USW00093134","LOS ANGELES DOWNTOWN USC, CA US","2001-01-01","76","48"